Project,Module,maxordercount
https://github.com/apache/hadoop,hadoop-mapreduce-client-app,141
https://github.com/vmware/admiral,request,145
https://github.com/apache/dubbo,dubbo-rpc-dubbo,215
https://github.com/vmware/admiral,compute,293
https://github.com/apache/hadoop,hadoop-auth,415
https://github.com/elasticjob/elastic-job-lite,elastic-job-lite-core,452
https://github.com/wso2/carbon-apimgt,org.wso2.carbon.apimgt.core,511
https://github.com/apache/hadoop,hadoop-mapreduce-client-core,514
https://github.com/apache/hadoop,hadoop-mapreduce-client-hs,565
https://github.com/spring-projects/spring-boot,spring-boot-test-autoconfigure,692
https://github.com/apache/hadoop,hadoop-hdfs-nfs,860
https://github.com/spring-projects/spring-boot,spring-boot,1051
https://github.com/spring-projects/spring-boot,spring-boot-actuator-autoconfigure,1146
https://github.com/doanduyhai/Achilles,integration-test-2_1,1157
https://github.com/apache/dubbo,dubbo-common,1294
https://github.com/c2mon/c2mon,c2mon-server-elasticsearch,1784
https://github.com/doanduyhai/Achilles,integration-test-2_2,2722
https://github.com/spring-projects/spring-boot,spring-boot-test,2840
https://github.com/openpojo/openpojo,openpojo,2980
https://github.com/spring-projects/spring-ws,spring-ws-core,3126
https://github.com/doanduyhai/Achilles,integration-test-3_7,3498
https://github.com/doanduyhai/Achilles,integration-test-3_10,3507
https://github.com/fhoeben/hsac-fitnesse-fixtures,hsac-fitnesse-fixtures,3914
https://github.com/wro4j/wro4j,wro4j-core,4037
https://github.com/jhipster/jhipster-registry,jhipster-registry,4268
https://github.com/zalando/riptide,riptide-spring-boot-starter,5191
https://github.com/apache/dubbo,dubbo-config-api,6038
https://github.com/wikidata/wikidata-toolkit,wdtk-dumpfiles,6268
https://github.com/wildfly/wildfly,subsystem,7092
https://github.com/Activiti/Activiti,activiti-spring-boot-starter,7190
https://github.com/dropwizard/dropwizard,dropwizard-logging,7320
https://github.com/apache/dubbo,dubbo-cluster,7449
https://github.com/tools4j/unix4j,unix4j-command,8194
https://github.com/apache/dubbo,dubbo-rpc-api,8213
https://github.com/apache/dubbo,dubbo-filter-cache,9344
https://github.com/spring-projects/spring-data-envers,spring-data-envers,9645
https://github.com/wildfly/wildfly,naming,12230
https://github.com/hexagonframework/spring-data-ebean,spring-data-ebean,12434
https://github.com/spring-projects/spring-ws,spring-ws-security,13721
https://github.com/Apache/Struts,portlet,15326
https://github.com/ctco/cukes,cukes-http,19638
https://github.com/ktuukkan/marine-api,marine-api,20784
https://github.com/wikidata/wikidata-toolkit,wdtk-util,24154
https://github.com/apache/dubbo,dubbo-serialization-fst,25603
https://github.com/kevinsawicki/http-request,lib,27526
https://github.com/tbsalling/aismessages,aismessages,34694